,precision,recall,f1-score,support
0,0.8056872037914692,0.85,0.8272506082725061,200.0
1,0.719626168224299,0.652542372881356,0.6844444444444445,118.0
accuracy,0.7767295597484277,0.7767295597484277,0.7767295597484277,0.7767295597484277
macro avg,0.762656686007884,0.751271186440678,0.7558475263584753,318.0
weighted avg,0.7737526056879281,0.7767295597484277,0.7742596418205838,318.0
