,precision,recall,f1-score,support
0,0.9382761139517897,0.9036229335209286,0.9206235441677119,2843.0
1,0.3365617433414044,0.4512987012987013,0.38557558945908466,308.0
accuracy,0.8594097112027927,0.8594097112027927,0.8594097112027927,0.8594097112027927
macro avg,0.637418928646597,0.6774608174098149,0.6530995668133983,3151.0
weighted avg,0.8794604915627073,0.8594097112027927,0.8683243470714703,3151.0
