,precision,recall,f1-score,support
0,0.9471511147811725,0.8068941259233204,0.8714150047483381,2843.0
1,0.24691358024691357,0.5844155844155844,0.3471552555448409,308.0
accuracy,0.7851475721993018,0.7851475721993018,0.7851475721993018,0.7851475721993018
macro avg,0.5970323475140431,0.6956548551694524,0.6092851301465895,3151.0
weighted avg,0.8787051736080366,0.7851475721993018,0.8201703196468854,3151.0
